35	cleared lines 11	all citation refs confirmed in scan B; 3-10-3 line keeps [?] (print reads śrūyā…)
36	cleared lines 4	refs 7-12-1, 8-44-6 confirmed in scan B
37	cleared lines 16	refs 9-16-8, 9-34-1, 9-52-2, 9-58-4, 9-62-2, 9-71-2, 8-94-3, pūtāḥ list and Phiṭ 80 confirmed; yot, triṃśataṃ clear
39	5	dhiyo smadīyayā corrected (extra yā removed); aṣṭasv ṛtvik read from line-break; ma. 3-1-3-? and vāghata-śabda kept [?]
39	1	reading note updated
40	cleared lines 7	refs 1-127-2, 8-46-5 etc. confirmed; abhiplutaḥ and devānāṃ vā confirmed from scan B
40	1	abhiplutaḥ -> abhiṣṭutaḥ (CORRECTION)
41	2	1-68-4 -> 1-65-4 (glyph reading, kept [?]); 10-12-1 confirmed
41	cleared lines 4	eleven-Rik list, 5-58-4, 3-53-9, 4-11-4, 8-31-3 confirmed; 7-54-3 kept [?]
41	2	
42	1	Un. sutra numeral: second scan 2-1?6, middle digit like 8
42	cleared lines 3	7-2-35, 3-1-3 vartt.7 and the 19-word list confirmed
43	4	tadīyāśva joined (no gap); Un 4-199; sambuddhau vugidacam as printed
43	1	reading note
44	cleared lines 1	Ludwig reference list (6-29-5; 10-44-1; 7-44-5; 5-32-2; 1-129-1; 1-61-12; 7-67-6) confirmed
